date_posted,company,role,location,application_url,deadline,status,source,source_date_kind,notes
2026-10-07,Roblox,[Summer 2027] Product Design Intern,"San Mateo, CA, United States",https://careers.roblox.com/jobs/8143984?gh_jid=8143984,Not listed,Open,greenhouse:roblox,updated,digital_title:product design intern
2026-10-07,Roblox,"[2027] Associate Product Designer, Early Career","San Mateo, CA, United States",https://careers.roblox.com/jobs/8143982?gh_jid=8143982,Not listed,Open,greenhouse:roblox,updated,digital_title:product designer
2026-10-02,Gemini,Brand Design Intern (Winter 2027),"New York, New York",https://boards.greenhouse.io/embed/job_app?for=gemini&token=8243097&gh_jid=8243097,Not listed,Open,greenhouse:gemini,first_published,digital_title:brand design
2026-10-01,Pinterest,UX Quantitative Research Intern (USA),"Remote, US",https://www.pinterestcareers.com/jobs/?gh_jid=8140217,Not listed,Open,greenhouse:pinterest,first_published,digital_title:ux
2026-10-01,Pinterest,UX Engineering Intern (San Francisco),"San Francisco, CA, US",https://www.pinterestcareers.com/jobs/?gh_jid=8140210,Not listed,Closed,greenhouse:pinterest,first_published,missing_from_latest_company_board
2026-09-17,Gemini,Junior Brand Designer (Social),"New York, New York",https://boards.greenhouse.io/embed/job_app?for=gemini&token=7955267&gh_jid=7955267,Not listed,Closed,greenhouse:gemini,updated,missing_from_latest_company_board
2026-09-14,Figma,Product Design Intern (2027),"San Francisco, CA • New York, NY",https://boards.greenhouse.io/figma/jobs/6180005004?gh_jid=6180005004,Not listed,Closed,greenhouse:figma,first_published,missing_from_latest_company_board
2026-09-14,Figma,Brand Design Intern (Summer 2027),"San Francisco, CA",https://boards.greenhouse.io/figma/jobs/6144755004?gh_jid=6144755004,Not listed,Closed,greenhouse:figma,first_published,missing_from_latest_company_board
2026-09-08,Toast,Associate Product Designer,"Remote, US",https://careers.toasttab.com/jobs?gh_jid=8126072,Not listed,Closed,greenhouse:toast,first_published,missing_from_latest_company_board
2026-09-08,Coinbase,Product Design Intern,"Hybrid - San Francisco, CA",https://www.coinbase.com/careers/positions/8175339?gh_jid=8175339,Not listed,Closed,greenhouse:coinbase,first_published,missing_from_latest_company_board
