date_posted,company,role,location,application_url,deadline,source,source_date_kind,notes
2026-10-08,Landor,Next Gen Motion Design Intern - Man vs Machine London,Worldwide,https://job-boards.greenhouse.io/landor/jobs/8265474,Not listed,greenhouse:landor,first_published,non_us_location
2026-10-08,Landor,Next Gen Design Intern,London,https://job-boards.greenhouse.io/landor/jobs/8259097,Not listed,greenhouse:landor,first_published,weak_digital_signal
2026-10-08,Landor,Next Gen Design Intern,Mumbai,https://job-boards.greenhouse.io/landor/jobs/8261469,Not listed,greenhouse:landor,first_published,weak_digital_signal
2026-10-08,Landor,Next Gen Design Intern,Cincinnati,https://job-boards.greenhouse.io/landor/jobs/8261395,Not listed,greenhouse:landor,first_published,weak_digital_signal
2026-10-08,Landor,Next Gen Design Intern,Chicago,https://job-boards.greenhouse.io/landor/jobs/8259112,Not listed,greenhouse:landor,first_published,weak_digital_signal
2026-10-06,DoorDash,"Product Design, Intern (Summer 2027)","San Francisco, CA; New York, NY",https://job-boards.greenhouse.io/doordashusa/jobs/8176863,Not listed,greenhouse:doordashusa,updated,weak_digital_signal
2026-09-28,SharkNinja,Product Design Engineering Intern Opportunities ,"Needham, MA, United States",https://job-boards.greenhouse.io/sharkninjaoperatingllc/jobs/4713810006,Not listed,greenhouse:sharkninjaoperatingllc,updated,physical_title:product design engineering
2026-09-28,SharkNinja,Product Design Engineering Co-op Opportunities,"Needham, MA, United States",https://job-boards.greenhouse.io/sharkninjaoperatingllc/jobs/4713800006,Not listed,greenhouse:sharkninjaoperatingllc,updated,physical_title:product design engineering
2026-09-28,SharkNinja,Fall 2026: Industrial Design Co-op (October through December),"Needham, MA, United States",https://job-boards.greenhouse.io/sharkninjaoperatingllc/jobs/4655076006,Not listed,greenhouse:sharkninjaoperatingllc,updated,physical_title:industrial design
2026-09-28,Lyft,UX Research Intern (Summer 2027),"Toronto, Canada",https://app.careerpuck.com/job-board/lyft/job/8797069002?gh_jid=8797069002,Not listed,greenhouse:lyft,updated,non_us_location
